case_submitter_id	SRF	FOXO1	KLF16	EBF1	STAT5A	BCL6	IRF8	ZEB1	TCF3	RUNX1	FOXJ3	TAL1	RFX5	FOXO3	VDR	ELF2	ETS1	YBX1	IRF1	ELF1	RARA	E2F3	ZNF740	MAFK	MAZ	ESRRA	AR	JUND	SPI1	IRF5	TBX5	ERG	HMGA1	STAT3	SP2
C3L-00001	241.46445127992405	192.7893133159131	162.71651111236883	63.12022721401179	114.5865358484732	167.82305683652095	176.75169040011764	112.97199520326613	253.7517562806928	123.193144124616	141.7687102380345	412.96898306634165	-32.92719053554245	263.6987987719241	63.59194038540619	125.41592889829731	131.92088787837974	264.18510487729935	229.21143289814253	197.20925162340268	352.8453628003799	26.753414861723044	-8.237671501562062	220.36917315664442	384.52529145723474	829.7257402430687	-28.124233920757618	246.20585990664875	1093.3995412484087	99.46722743796073	253.8910055902091	208.77800257296488	137.19736906014066	406.6099870263652	231.3854044001557
C3L-00009	245.76381694754588	202.71260174169927	162.43467644930703	76.90456865173125	127.40652116862331	180.3337697656302	186.1592807845127	129.97208612441972	255.67300294978523	117.96180321572083	148.6016112323174	427.32252508949136	-25.39447785001765	258.83288482497966	70.56036510968895	135.91596666881725	136.68440039213343	280.9794690516919	236.02182580030657	205.03763007850768	350.84621343574224	33.20316745885701	-14.54870140680437	221.15615045022994	385.1861708345406	841.8829388155447	-24.865792246473674	243.64913634223086	1141.1125377273577	107.54829377684396	251.72626550000086	220.29991652190765	130.59101081599118	417.264548017439	227.6371953738395
C3L-00080	238.36199343058712	186.7102810807622	162.98402122514403	52.186739549936036	119.88569412348177	178.3743762221174	180.2837645946728	106.54764270563682	260.1007801226353	117.89002070218751	133.61808944323417	422.7761265583458	-35.869792207550034	266.85334711968943	75.23628066396013	119.59399382276015	125.88959132935204	273.7080143387224	226.21112177188812	192.4192126595161	350.41009705022327	25.698572147178652	-0.01846710376113947	224.17239921078234	393.66415778095734	850.399847120603	-33.96378825113979	246.24306811231264	1115.8332648135606	118.6909860730517	265.66008125180446	203.80872792056672	131.53940618880594	416.3224545268959	233.52942722346964
C3L-00083	265.95458562880697	215.96020539032486	182.71723062863794	88.14661607630754	134.74266858522572	197.74652421341614	193.54162889165363	135.53821216771723	287.8949476446258	122.44892727337619	127.7723466179818	473.328663626648	-31.56349055533761	275.25917818150856	71.80078404638175	150.22760038997473	152.041275364123	262.6201191457414	254.99336135172743	202.10796709865625	384.8036557697214	38.960305195778005	-7.2446496864804715	241.48626356716164	415.5642452199141	865.4201927635003	-16.41699973395859	263.3469946052806	1184.0164351404035	106.01528079444773	270.03329277484966	237.23479867596475	135.14178242844582	426.2340280995415	255.99532061509768
C3L-00093	253.67079214818355	201.01710893491816	165.0043925519849	77.16596194720795	131.31756372518305	183.78459323374045	190.90555663975775	122.24546486250767	254.95716398536837	121.14878436668269	142.70145594364553	434.8185978238149	-23.544121208376566	270.0105226102628	67.79810239028511	131.09846912666222	137.03789635143875	285.0853735692472	247.09738679162245	207.086504305858	356.20716690763004	38.2641814935354	-16.591695658129012	224.6995732264122	390.9163003862997	860.6565827432968	-29.27660420938163	259.83219675887227	1147.9312423503145	111.35425248521116	263.0603169130839	215.4220396000089	137.8675019404946	420.6461893062804	230.4511282279116
C3L-00094	247.01130843011816	197.94359316395483	164.2692072512978	70.74895814788985	127.47211897883732	172.18851093712527	185.24316670523535	113.00024271741165	263.7540110653757	121.42490052884902	145.72469569164807	420.44036557164435	-22.418290854792403	267.74342914422004	74.55942400536094	127.79076922354302	132.78154477610866	266.3659457482354	230.29053023845987	196.55367352242465	354.8531292068914	30.548585535260074	0.6749072773352367	211.67873060521526	394.90100096768094	855.415070519454	-32.482468513226166	244.42591458552005	1118.515059324886	103.7356319384875	239.67612408543062	215.48082517599346	126.44242409248268	413.0080718384414	233.97470627674264
C3L-00095	254.8286934982687	204.60963606850197	172.57020991268283	78.33377987148972	125.45948048869548	199.51692934238207	186.8777511584112	118.82475456377546	261.3326287987229	124.1363922102387	140.22470209607957	432.04857321113906	-24.16371909423519	274.38455309792835	71.01461986979814	133.3381575783238	144.12831509443555	276.30666030166316	245.95295112005908	213.51294188284132	366.6192331488032	37.88514764811647	-15.121073891167086	231.85427359129994	392.0455140375241	861.9692140216753	-29.39497323122501	267.59578878094413	1139.630169531953	106.24837330950116	255.8498140025351	218.45880771230608	139.7163400282516	428.87890293579323	231.54253629394725
C3L-00140	234.16663271893256	183.93440863552397	169.26353726379728	49.02907914832295	119.51750452714424	169.10993388844759	183.65719848332787	104.82163267197204	258.51357460673484	117.75662273801024	140.7692706771512	404.76456098774804	-18.06786990235085	273.9538740883668	76.05895665062518	119.27207624227478	127.82397339467047	276.738762453366	224.37392772566116	198.43139409544372	350.715608639464	30.59139075136808	-9.835223225655653	215.966180363669	400.55678998290995	890.7843363069474	-46.49504933838689	242.52647219572023	1130.1644953413002	112.08225950745297	224.2202305135381	198.43034715591392	129.94817178698827	417.81547241457605	228.946003102353
C3L-00144	245.17454023865287	195.4638089656885	166.14687758796185	68.97667579389054	124.53681528513411	181.5143630594768	183.7307573557024	116.66672711463958	264.43019081475205	122.06092411678651	140.76124453608787	437.11971839992697	-31.051861819889425	274.14967706666863	64.6466184483198	125.8504605056081	132.5153487052543	267.27148346494295	229.17396715846053	197.78404386006133	352.57677610670004	29.27362766769494	-7.62148277002143	218.32188672855239	393.25877123599906	840.4756077006459	-23.921489910211022	244.42347923371682	1122.14365722604	108.09181651821011	261.449551044961	216.79097199155956	133.43776794819468	405.61774933606415	238.76946334983543
C3L-00263	256.8143516546437	205.86465022993775	175.49148339779285	74.21444574310468	129.10309443899467	187.4235430081448	192.83753724476168	129.9795730251589	262.1413223148146	122.5332546513238	140.00487761361438	430.7067547325395	-27.353480837146293	267.1049516719764	67.11576261567764	135.0465931555843	143.0947642246367	275.68107337744544	251.68501111664887	208.59565630231572	367.03089327037594	37.00839751823483	-15.839648534148907	228.95931049737166	389.2999075184962	850.6270866420899	-29.627451434144717	261.53787561849487	1159.6564241326644	112.1552538342604	246.80462305303269	218.92628105193012	132.30880551578355	427.87918597675423	239.83949223423662
C3L-00279	253.1787646577537	203.49940619502746	170.58547767820522	75.8761093269033	127.50854433877306	177.1703809679343	193.09771328322844	125.32652995551113	260.52212773663985	120.65139229056207	144.17654447531402	421.48748285365235	-23.251761851025137	264.3561730594664	70.05027390468432	130.6431818695856	139.44582767369275	277.2078753427798	248.4237632363158	203.74635018580014	361.8116658439016	39.132716574544375	-13.8350935449794	225.08486926686348	392.7386101486289	859.3034621978458	-31.544288226526575	259.4303471223164	1159.507862220091	113.9848000162702	242.9104434415366	219.64842261386073	136.3868903805181	421.3063361849296	235.51922215740566
C3L-00368	262.87283441536863	191.82562763460038	170.86717354289905	63.92528550369484	123.33564925001005	181.11117159414204	183.99855391878782	110.80063879219041	265.28262771103084	118.35443090171708	132.6638566913565	434.47990914080356	-27.910271508529362	266.56563720968137	71.94846456335505	127.10474758788129	130.9735365100699	271.45009318856785	238.03035957718149	196.23365472032796	358.3198961380397	27.443687157266183	-10.649690457068516	231.7504410202302	401.3697940701766	873.693966390356	-29.272001961414247	262.9541449580563	1132.4883370121163	106.35701934889258	260.58001384037055	214.63106112344653	138.6763915848254	418.2621548381285	231.98880182426555
C3L-00412	246.29601100496993	205.23975914732898	162.73500320155898	76.05276007265454	123.42688724380758	178.19533930129438	189.14919492307186	133.06296738145977	254.75943054290667	121.82902134748062	149.90389769361263	435.8757515624592	-25.842387499013043	263.76674781111274	65.4584189426646	134.6372090348357	139.16862292979	276.1130316329156	238.12349033806612	205.77006974192352	350.7125307825018	32.38484459201119	-16.055497151551535	213.82240820576843	376.8029022272059	819.4896348628777	-30.05046640103768	256.50327716756857	1135.016340927542	101.95897020786934	252.44601216419466	223.65633599204295	124.65075494532925	413.1204314195371	237.03288843057982
C3L-00422	245.92395672108745	189.4014076323782	162.06542037174924	48.047009256439765	123.18858068427858	191.9952792440513	191.86644752090785	107.20436342307553	257.8160180930984	117.35214745408966	141.75194251141642	419.2468870316276	-32.48667725840049	283.71681545676296	68.97702413310815	124.7381980879023	129.87593851412117	285.53723191006804	236.3125252312575	210.5260613392779	350.9160041534631	36.982460824231964	-11.705816832998607	226.6607306032735	399.3906964661933	881.0877267731589	-37.03654798973146	258.94760611020473	1137.2950283718387	118.05011067861639	257.53651684406935	207.8651589314079	128.57453954621593	427.15589073107213	233.8162728694761
C3L-00510	243.4545206942246	175.46453337488293	161.48144813961378	46.088488767769775	112.53328601707501	162.84214737504826	167.80095546278412	101.75618671436159	255.5146271357876	122.88548438227284	129.86794568409078	398.1911218211745	-26.282117494140238	253.445423148786	71.39435410023347	109.66650526749584	120.70232899350822	260.9611847417625	220.52544449634723	184.27404440562816	343.5255048387193	21.774139090518517	-2.5574523352191108	216.44898656729472	391.09114142646916	852.296886869201	-32.19416290413935	247.57656176427128	1081.4126443317607	108.21808842782286	226.7227599933406	196.643027349875	127.75149562061928	399.24564553227185	227.99074558193988
C3L-00604	247.43515042334064	187.77946788756844	173.92898253001746	56.258121505128145	121.7223942969863	169.36112676008952	187.08593585800156	106.1403222340607	268.99676496806694	117.3873270371051	132.546303288422	415.99781883395104	-29.2229276511994	256.1002271585383	75.90840535509855	124.6122727412802	126.52243901539498	271.7652312148597	240.91094434285446	195.64142059464083	363.17726735108374	31.678038364663735	-5.675270009512971	226.79311972880961	407.1014000737189	887.6659421793569	-37.24860473085438	253.28769895627954	1145.2295403198511	113.9748626725897	251.58168671480271	209.80890796920178	138.91478290381053	420.86999481964574	231.4542029876337
C3L-00893	254.25586099519555	193.51240700061223	164.515923693153	63.997079109860195	113.86052780581723	177.6948930959146	182.73335637632806	109.6802388925087	259.709265653773	117.15404743451082	135.29921132672112	423.5780520628982	-22.780135869365793	265.8826170470216	64.73063478183248	116.41765008344639	127.56860765627853	269.86428335526233	223.11238860525097	192.39062196422864	354.11368693096875	24.15847768011143	-4.621553728040098	226.66747025695835	388.31396750142414	846.2040951341269	-29.559102190246804	255.2939320077055	1113.7313931593942	104.06956190631954	229.11097623297817	209.2623365560051	131.73777532794014	410.86567439119574	231.3666969677767
C3L-00913	259.61144403039367	205.74885747874765	180.2499443205774	71.70578662698934	134.68455362365722	213.00078337845633	187.879665647381	130.66377184528181	265.3337479131821	117.79288143226496	140.61572083705582	432.8755196321113	-22.236806352508793	266.1618474971567	81.81084116179869	142.00536537700896	147.01505064910134	279.92860373798914	259.61597240706953	215.67952356196054	373.54849290522304	33.8729194077972	-9.261447177957962	233.04614812551893	398.4988101066839	882.1836440935169	-34.12417511280513	264.2631890200255	1166.9091877771953	101.29760580163502	253.11139173618238	223.55062811226347	136.70582630963855	432.06235603309875	231.60542407747354
C3L-00973	248.9155000905892	205.29732662427395	168.2186941445792	80.47052562816914	124.57282847217702	185.78679150449426	189.6265582989621	136.56254018078798	259.8502686901016	117.89534353779564	134.90730470481742	438.80482714445816	-27.34087780300412	274.10972996996395	67.77612029717216	133.12822078032994	142.59606803866086	272.85906404528555	237.5555102574847	206.05797564987935	364.3006507407636	36.52653302617084	-11.795018543606474	222.66511015156647	389.3750350595754	840.3891166104772	-20.604158358562216	247.9249695047943	1146.8914186293737	107.51481813501778	241.32020812382837	214.68250383527044	127.01510421610436	423.3955741751031	232.05867687498431
C3L-01330	247.67340827687204	197.56574490413465	161.28476537907818	59.79146006974746	115.48622509076381	186.94191798549778	179.1985121639351	113.92255639422277	256.7233246485418	111.77439736300248	138.68489201851364	444.4646214791458	-26.16664558859047	283.3860216582732	66.31629660574757	116.18595426101172	129.1353500626108	275.05053886685005	215.8038748378176	197.489418255003	349.3849059427821	22.511809788111748	-9.587995792498248	224.3900845275409	389.98732258588126	862.2610687447841	-26.045165754471682	249.9960638218812	1128.2335336931828	102.38159639993938	236.0151853488269	211.30954968026194	135.55859972298782	407.2854228668197	233.41529805326726
C3L-01632	254.6333461236379	204.86475914093666	163.64816685559273	80.12680542955692	121.59106949599602	182.5231734673798	176.37588608647695	133.3807680637937	254.35118605940622	114.1654707511992	142.51908790427728	433.70090366800895	-27.901003614083237	265.8725887616467	64.69147181188964	135.89109001770112	135.17147018081437	281.07863265315143	235.4231110912457	201.1953002893638	356.7713254550443	22.497562217107216	-6.541635840805554	225.19523635244255	402.1514682524823	891.4268418923627	-22.22500473902558	252.41286315017464	1117.4549556776794	92.49322714449269	264.79394571991844	221.79341660873035	132.23058199941505	428.79978868000825	223.97198595552368
C3L-01682	278.1483379663373	202.93878779968682	173.60394645573143	67.78946290089301	127.02704286912387	195.3823718340311	197.34161401288486	123.22307495992541	263.19852745519955	121.8755929318407	144.43408763740632	445.2039830451136	-21.3468783161738	269.3258305079378	67.97970715933677	137.63100839523125	143.01511956739023	279.8553888127229	261.2047278836596	208.92569122024616	364.5238417743156	28.988952930254925	-18.94509375663803	239.94394676937299	395.18997359416585	868.5661501273166	-26.677252775044778	279.4282902442226	1146.652722780841	106.67885172938085	256.2742698689238	227.43744916667566	137.23910003346003	431.1967940274562	234.61205045974776
C3L-01683	249.45907843747037	212.82515027843235	174.71830273761572	78.87997651053193	141.8528073735948	185.14364736472845	200.96350374364798	132.90362624075752	268.68361859286415	124.01600549382366	138.99467008114647	438.89351126524633	-21.934294854226493	273.10337953625174	75.90848847880692	143.32175531597508	148.96569300211948	276.92035873463584	257.10291173804933	210.97205292119062	372.43826458245053	47.04260567912843	-11.573559913750003	227.58578199982816	392.3406752956619	828.6934673303705	-34.09871661880008	254.95376339038518	1188.7623445954348	120.61906843263854	248.22451467673713	222.77559036351107	135.07009185764917	417.5701469377229	246.50005914162222
C3L-01889	246.42360136619618	190.21196005447416	156.67382327383177	56.96319406406471	107.93339414671765	179.6883166712804	169.91546096527932	116.92540906143962	254.52349807040073	113.59759930952782	141.26778103484642	432.0914663121983	-32.479766535709885	277.8728426894651	63.60989109827632	124.17656924082124	129.79345332755827	275.69969494833896	211.8585008307088	200.30702362531093	344.6873104889886	17.88161040704958	-9.42689555027097	218.62920954876537	392.9121470607991	863.6435892801035	-30.154414306844842	248.42456082813666	1077.9025361135311	95.07384887218015	250.40461297444568	214.20321079958882	123.55615790501369	419.2859022055518	226.74993211026185
C3L-01890	252.48207396171458	203.4821349803745	164.01400140309656	70.8955245228902	118.2740610519271	190.85000688968475	170.94404965205996	122.8176908461381	261.6054926043974	122.50910337816582	141.02018000677194	438.30343185315974	-42.41745607212697	281.0945148317085	63.449995429561284	128.3876112762752	135.65118206576895	260.231306779503	219.776715016896	196.25040873184062	359.31624531602574	25.405587470964505	-5.1569735594059125	221.55787659954947	395.8444637156814	844.1719073672007	-24.572167071008266	258.1966864439207	1094.3911432724685	91.67632753349477	265.8681173698344	215.60663778104714	133.0258296455685	419.9876609616629	244.96545093626423
C3L-01924	243.74910797009545	193.9425377572594	166.2847640593667	65.04299836617464	129.27363915813828	178.13812887459315	185.7996555432665	113.43668103333117	265.9836981256729	122.87166552581661	139.120487267411	424.69056296105697	-18.002610440355	266.5233444899357	72.37971544863456	122.56857980368525	133.8663673938001	271.2512051049401	235.9347489363044	198.9298948223398	360.8874712468031	30.69123928609821	-11.87071803120115	225.75142708599356	397.09576747363275	871.295172540538	-30.891370152839016	252.25947639373803	1141.5845992884701	110.73202864756458	234.82390398848005	210.61632062032993	142.22310476955633	414.83453995359736	228.53175618743637
C3L-02219	252.08112272654864	191.81256881416067	175.6282478000401	65.49275707300383	128.62636212291773	189.3256522026701	192.7769476361826	112.78986172629065	267.1707801477923	112.22978888462109	129.74964067118458	427.3657491925945	-25.697274065865216	268.43063902179966	74.00280913749215	124.91986972717861	133.8410261673126	278.7165524659986	246.98239127464745	203.1344996541672	366.67698246365364	31.758302736515176	-3.885831552855123	230.55902805468043	401.4104288738982	884.0493425038719	-26.969745279827123	254.69633413277418	1162.3432095441217	118.71617102619098	256.778165569297	211.2479637928843	142.2660453829313	425.7696265274943	230.6461246440976
C3L-02345	253.7697844894778	203.198379806149	172.51622383411012	78.10109375567144	130.11321627446026	188.3341305885198	180.90162345344547	130.4804584646769	263.74535994090087	122.96171086327355	142.4460966002784	423.48806131327126	-25.897665347222528	265.41012707175815	71.85530210258997	132.55139544994086	138.10699376058454	276.7807470533606	242.2641784545233	204.49057638904623	366.9124683871469	36.30438429276505	-2.595141582190422	226.2340204384675	401.7807236845429	872.6058992295224	-33.17606987236461	251.41264166990018	1148.5020288846392	100.85041382561249	261.9168573723781	220.47160531863636	133.89878113544285	422.86066086737316	232.13650245335006
C3L-02348	246.5882600089356	190.13670188918636	171.60174427720995	55.846515530518445	120.89736385502685	167.18914434214634	190.51805467426965	110.45332678891964	265.87319127693587	113.18884688027967	137.42106849921245	433.53273026993446	-25.69996667706512	261.29143895887313	69.83868090858344	121.97756051691935	130.03695115603938	270.2966653225415	240.33733446495282	199.41691858397868	353.61999603391206	30.69883234098498	-10.278256804089054	220.1954228159885	400.3885248483885	865.7783804514938	-36.52056716863365	249.28963001713197	1143.4292980637535	108.2424123269519	252.25584677348513	210.88992147558542	137.03229717622037	418.9066264511877	234.01339063317872
C3L-02350	249.4345720100572	194.91406996896092	164.88245002730613	67.68091177692054	118.8522777013665	183.60147623537875	186.18346336982776	122.5426397505256	262.652120980863	106.5569438205235	134.94741790990452	439.01244483856334	-27.161842216282068	271.6486889475549	65.68769069979582	125.19853263045877	134.15731328980317	278.6807934286799	232.89930055626218	202.75331852228547	353.9339080957671	30.822707957972654	-7.477577768634987	220.16529099644433	397.36040308943495	869.5055587752055	-25.12519904837302	244.85640322761506	1121.9693669274388	106.64890068328619	256.2226257555358	213.21885916813318	131.36752010392962	416.270800051452	226.35583147805846
C3L-02365	258.23043463978917	192.4011432645945	173.06531064340942	60.411303870874065	124.49483816668881	179.97595388806934	185.09265513235005	107.80441377530947	275.11139261033975	125.11545432340235	142.41145443287638	420.36523569140644	-33.16771879463941	271.52011910135326	78.29598798626395	127.65299703431911	131.11786109262397	268.8017456713685	230.31503584938716	198.8383487553601	374.39765746206587	23.340318928565438	-12.369631027287369	233.78988396914724	409.3952676509797	887.4388923896927	-34.739689227932146	259.3247457620397	1157.3938450838696	114.63744575461784	247.19626614211035	207.00184054557872	146.33508728105735	430.10692988110037	244.00235934520612
C3L-02508	257.9348011580029	211.36005495680288	168.111161595072	84.46847618622651	128.7952168108552	189.13723371900517	190.99804500861768	146.55604264948397	264.69527273918084	103.68917076978592	140.69110267844388	466.177295345773	-22.355865942205114	275.2834523217334	60.57461905269989	140.2540291646938	142.9646780230529	289.24906243055096	235.46988431418873	205.2187769362598	362.78653533115585	30.506028444074417	-10.151385067476085	225.0998555789217	402.72172544313895	875.3349188619198	-16.155339310102107	252.58351493474888	1161.2180726029198	103.63193041492897	254.54188851556856	235.31402184701807	127.05746342293166	428.4736849987787	231.1236059859802
C3L-02549	257.57391113751356	196.61848970105473	174.95031610727955	67.22926938763509	121.60503615116943	186.28397869811562	184.88552851783928	137.0280173204231	255.0095392024956	112.18244161615047	137.92484696737188	434.6077620186082	-25.47524600853403	268.29989857451636	68.37922572394501	127.07782806291445	138.5712252593787	277.74339354243546	242.6655622698171	205.87154455658163	365.2333621018205	22.778791171712598	-10.612826318674749	227.38520148615254	400.9023695422224	891.2831897963176	-25.771144156251438	254.64043944479394	1148.371216381552	104.36200909084035	237.47652871587798	218.44097231366064	126.11643602610829	435.9420798903697	223.84782953126324
C3N-00167	259.897709076595	202.72007996798257	169.76278913596263	64.16467965967753	123.32408734941694	196.70588498704552	187.15804034749692	115.80565368394315	268.2460222685637	116.54160213286121	138.94932597120902	443.6642619166117	-25.655728189475397	280.6941909160554	69.9451369895013	125.85609699918395	133.00203281731694	275.6017367434826	232.8300990610566	199.73771023735165	370.56569952475735	25.31331870420739	-9.72238653839213	231.0022776944703	404.81214780529695	879.8380033740456	-28.427743804901795	258.6783743303431	1166.4520315960028	109.4852338196313	230.32012101703216	218.98770223514023	135.20929860875052	422.2100033550585	245.4008594411459
C3N-00169	257.88812844050994	202.94637567836827	173.51073179479374	62.5674130622084	123.8399551010925	183.60219506983063	183.09615829056756	113.14784017485732	270.18987626164926	122.88574326544658	137.55098873272584	435.54455014891755	-29.406697352327754	271.6627844149433	79.28576733397864	128.62454028738773	140.75995894086472	270.2906793597733	246.0160827187106	200.22152218965024	370.1323372227796	26.07750949033303	-11.35034110966221	229.60058739508563	400.9939996761968	856.3833619868147	-30.184167942562823	257.6111839010468	1142.3033633337006	114.81025085572925	252.40125121069275	219.546929125856	138.27960220469393	425.1603524086991	239.92001747220763
C3N-00175	247.8937186695376	199.41423140175897	169.82473971445717	69.60125722294755	121.92146611409844	176.14682924714072	181.88311854244236	113.09707609155396	265.0012398732843	124.6471055874883	133.58110115073507	425.87069554816395	-37.838958789242184	257.64383726403395	70.9201718026613	125.31711360751973	138.1213724331084	261.4800328198731	236.6494829760311	186.82055087752525	362.33818796632704	26.912306759742947	-6.9177420816137385	228.16681229784933	385.7941743771542	826.1586844333136	-28.315100284020744	254.2657246082131	1113.6256064196534	109.84649591050714	260.8063160117664	218.3781429093472	139.03053815279162	413.5700064473743	243.82199125496695
C3N-00180	254.67170788747967	206.13760845394495	173.96394709076955	73.25340007045259	116.28465214163452	178.50671973578798	165.4928443266061	122.55745277580641	273.10412057878966	120.03954053883074	135.1813427622057	429.3434508814893	-36.90452648061145	260.3104589910249	75.22855922322822	125.03409075112648	134.4199451535752	261.6413177705212	230.76040827071978	182.28696556909554	369.71406047045554	10.526277822792565	3.7299425335797594	219.60968167280612	402.4184016396965	845.9509114969501	-23.397222206859027	246.7123001847195	1085.9938384554705	101.71889367723396	259.46509089559015	220.74906312419867	117.92282483118362	408.0087724662522	245.53049205860387
C3N-00199	248.74188204705894	205.48163088223708	168.9920503401721	65.29097132507209	114.01473826814974	190.01590568368712	176.32168159493384	123.29729896987364	261.1560928935381	115.01713494508587	137.49209518118542	430.86100568805256	-36.62534462698652	274.2096154690042	67.61434007275636	128.43010510175833	139.3395389869506	263.7153382047049	228.35109458794773	196.78215581132847	360.3867988287885	24.3009552456207	-5.995911226534076	233.22708462851588	391.0492955408169	841.9111869428046	-26.60708273117183	258.0979287448042	1096.783113808611	100.56701729344556	267.78539048420424	216.93966502253843	125.46509921339401	415.14767181312504	245.71490873151114
C3N-00203	251.02693672246983	198.4814820841485	178.3902187230085	73.80008509069772	139.6889804569442	187.09034878453718	185.44789307194338	116.14423504556041	270.5752178972688	127.83446704039034	145.0642324244828	417.8460239493092	-27.90337087613534	261.3727752950763	86.99098491484999	136.05619369991697	138.50609650529412	271.89676656259115	250.31376480075372	200.85673110748053	377.46612465090715	33.82060366888672	-13.079347463484922	229.83167160313258	407.0220441969822	870.9375374762512	-33.83209524209704	252.50068175788692	1164.6347970239256	117.43225695529252	253.45451029506094	212.96264351757512	138.7790715806413	419.8957850566546	241.10277214873088
C3N-00217	249.1029072374646	200.8177042706086	171.10794778294087	63.88437381391789	119.42636290414801	177.47933617774635	174.66520696926273	120.35006185762309	261.0642795801431	115.01580689418482	141.02263147317623	431.7273326159539	-17.787500069932932	267.0202400203399	70.57936542930564	127.54705062088956	131.37039043656534	270.3056056035008	235.0887961870298	200.4779112397328	357.1775545879373	27.19285756043979	-8.700401571460645	226.586779293699	403.39019913223296	874.4021648347654	-24.8096043620983	255.1461299342527	1111.2014558294757	102.93617395754165	234.37506510170408	214.05969792387953	129.36120360787055	424.100002581301	237.641871594275
C3N-00223	247.8068386539373	196.3957182530419	164.6588280712709	64.59477345702226	124.09943220210614	180.27548034739414	192.25373434529888	113.94657640469347	263.00588506483314	117.10821085553326	136.3409576235116	418.3683443171065	-24.046243496039992	273.41280595482675	68.21794430263846	120.38116678542062	133.14891650000206	278.3267342839531	227.6801092054618	201.8564087239501	353.41965985424815	31.199730703430717	-8.007214623304506	222.31439319598948	399.988198882948	872.596876043704	-26.161497278015332	248.1974947240587	1159.7308882576108	114.13492255490624	250.34409438967043	207.91887767957172	136.50456860857298	418.9980868904988	229.44603032323758
C3N-00293	250.63928893804268	192.32494172106715	173.77631522764102	65.30220185374756	119.9353082267663	169.93106836583428	179.4090070895349	112.72298107893951	272.170201233392	121.4112875212565	135.42469896911638	429.0443442725962	-40.38694420731943	260.7852731648718	71.86181164333922	123.80760183687775	130.86546790858753	259.3252705873482	234.75608890758272	187.96922413287703	367.6858710857335	25.828729522183423	-3.167671727691655	224.6123499214792	394.6306769393472	841.2135232379269	-27.54883023458534	251.7578084814707	1122.4613672233543	108.85862330171491	259.7969690975201	212.53602469708312	136.62980349400092	413.79960770004317	247.028881388406
C3N-00433	239.15209127200933	202.63173621834727	170.2494973761536	75.84554115275678	137.48072835719384	170.9572202548286	197.34665997142707	122.60882159577046	268.3392668561222	122.56388285315714	135.563227090738	421.2985220529506	-20.844516004221845	251.6363518955046	73.60781250028265	135.44596104186624	142.62757243421117	270.3200583644135	256.816359846816	199.27701106636815	361.7861436254119	43.83422082717365	-5.415016304293644	216.56327759936585	388.9995810718984	820.8038134479559	-34.27524606913147	247.91245573234087	1165.6703847867366	118.68378603242125	250.91348865768353	215.77341348580794	134.01286387534117	407.7030227083999	238.39901452336227
C3N-00545	286.05084234993626	213.34511027361054	185.6437598108864	69.12223306728436	133.5341247281592	224.38123502440345	196.8593375846509	125.72368692395258	270.1853761309277	122.42198535744791	143.48789217259258	479.73750604024895	-24.728196073833445	292.23083904405246	77.27793099272999	148.3378825905429	151.5448379326034	285.0679822884132	256.7712446712362	220.5041423737868	391.81767607969186	32.2842341829155	-26.075116778943283	254.55137036158618	406.063625515132	887.7263345966363	-30.78411485481213	285.62845602679977	1196.4433725135946	107.6508097063562	255.75405789398474	238.07628931627877	146.555408048215	451.63945124191844	245.06573494083062
C3N-00546	254.57022723429077	195.59265728290836	176.65759838434997	64.7529023627526	130.67329262416544	183.52499048359752	192.31746919338215	107.24493301710565	261.14152039446634	127.79167917450894	137.60187888019004	405.08181414088307	-30.585304686956903	261.429864359534	80.6337487305062	128.3117011931721	138.06563708680494	270.41864796281095	255.30518984330934	194.2181137520171	363.5733096315787	37.02540498941484	-9.563577109131202	224.66855312832013	397.81295636958924	869.4716007925449	-34.795175852166835	255.24425312867464	1173.3351589836698	118.14735418174858	261.3017716715942	214.95872148830145	138.4951607874835	428.0435510941161	237.36528706279364
C3N-00547	258.89841517159596	192.83112373988882	182.14230997370586	61.702140312004815	125.72133225833286	180.693019645614	181.66242175832386	108.13999444648363	276.1921720970819	118.30722839895682	133.68374187201232	433.8112430060463	-36.00445158100973	268.24970394204536	78.89482378259792	124.87019071598229	132.33590145546128	259.74174450413125	250.6907324647956	202.68976349316313	377.1466347405873	24.55202594813153	-1.8619077195072293	235.00981747824088	410.3277852031765	878.0737252637632	-36.944755784645	260.2404283309356	1134.897856463119	108.88014453402226	270.1730418997699	211.85658866825548	137.10383499722028	417.04077931321956	246.83521625765667
C3N-00549	240.17428855851364	204.09851395094185	164.36712977797845	75.31971097478268	110.16930957009679	167.37436252603496	159.07724900487307	118.07814437571338	262.0738235602641	113.1287596947376	137.2346140653649	420.58637915787233	-47.42532321190588	253.51120656206598	66.33472249170597	120.84374480729284	124.6589877051617	254.7037342459052	217.71467082419838	183.80421886510885	353.5166402076739	16.862059872048263	1.501504066449229	213.96862169467957	396.0147094361763	838.7967211174591	-12.731983771078305	230.74486555993573	1043.8188163609855	93.64321516308577	261.2120798773094	214.25776181159134	110.17447108622093	388.8863014400625	230.5987829428473
C3N-00550	246.4389274634866	190.2197959385195	165.13714576423587	55.9951781341711	122.21322896549948	186.5661729216386	189.32575234822997	112.14387791199107	267.02636246473196	119.98849866793248	137.9394558289507	416.3216515855737	-31.655685215680876	265.54948730391703	72.15437591709353	122.9351473358156	128.6927637280292	275.19052133162523	230.98261381037122	199.60734363883904	357.55766078879134	27.238358100877562	-6.497715807982544	221.62670066197796	401.2952604100823	880.6669624852565	-35.41646295608771	253.20077525445004	1143.0642512658876	121.15743475355366	261.9427958077962	218.46859963854433	135.4446131326575	411.6598083000821	232.94798211460719
C3N-00551	264.68074317275693	202.39519421005548	181.7472018563269	69.65059809357507	137.7456644447313	182.4231925158337	186.81065963324028	114.58695445584333	278.8740324372281	123.51265640353296	136.21925261654513	432.286568076794	-21.528920847950488	273.1015699370472	82.6653556739207	135.49151096688976	136.23497881596967	274.69077977760645	251.44765845775063	198.4520936846162	386.1870436152972	29.18138708219091	-8.53281158144415	239.7781820711982	418.6499268714857	899.5053719999175	-32.521048781710405	261.3911077198985	1196.468979553551	124.05186073454261	233.59669694461698	221.11713091708293	145.72794812968243	433.18003683718325	241.77475296076392
C3N-00552	248.83603658268007	192.51382961474144	175.82319384067284	58.806608103874694	135.10647451314384	186.732304621806	193.78771805541007	108.14281372743791	268.5099171153538	130.23118611647624	132.11645544274936	417.7655708643469	-29.12431876895333	268.7009829044716	80.4894459723595	131.45343906118836	134.40423064447145	274.7375207073167	253.3139265074939	202.29623016552125	366.53924345817086	40.269715888957876	-6.185875141606559	221.89750600876968	403.7622954697984	882.4647937533258	-40.93525430782533	253.2197274731605	1193.35197206709	123.14309972220795	259.27327376499846	212.48641716394036	145.784117930817	426.0219634342735	235.0309537132195
C3N-00556	257.73543807717965	210.44907012722027	175.9611134030424	79.46967893236584	135.89520534864985	185.2675862539146	187.9561022448022	125.9153655153774	265.5308350390077	129.76897483495074	143.71056457503414	431.96286192255184	-30.852235860400967	263.45894920409523	78.33409266181442	143.1120669463068	142.4412034896588	273.5901641865409	257.16634436766583	206.77037584978513	372.00849893754474	37.70373986806189	-20.179182193804806	234.20076154358284	396.0677393428435	848.1760384691333	-25.986824407364495	255.50974112912075	1158.5507038903825	109.53598931742874	267.72481696860115	223.68705592113088	142.46021401149576	429.8822461139511	244.11617722351517
C3N-00559	245.96554963430904	189.78246209218742	168.88468481105798	60.95865998955091	117.68388878088572	179.24049575370668	184.22186247815375	112.37917025580823	262.19188717863835	118.11457739577622	138.2923073307233	430.38758974985933	-30.148994043589155	266.7469089902996	70.64870310051498	123.56916812980461	130.89990000128304	266.10356573425247	227.25578158089928	193.59410413552197	353.8486192713654	30.206005299653228	-1.863688962596271	220.44539597282983	387.04308996051435	843.4885066342422	-29.1095268555879	246.34695827867722	1105.4486716908898	106.71371870629301	264.1945449453549	214.55238956664448	133.42849022859437	402.9993670539886	237.8908511118528
C3N-00560	243.28513590651664	197.63388734822536	173.53904509823698	65.87082282043148	123.98912175853896	179.8322271085636	175.25260417607186	115.185920225102	271.8887007083995	115.28159379901048	139.7618363653889	442.96423698756627	-24.467485933781816	272.17766728569865	79.09110025380944	122.49204298864656	132.71469792199153	270.8030364414199	240.8635983873918	198.83619649178172	365.8172440403649	25.94714159005683	-0.0059917458564484605	229.20809287497985	406.4340229387133	864.3824552836969	-23.73844110414646	245.77553513003897	1132.0891086765225	111.41274008616449	244.72355625362098	221.6997524652156	129.52195360587646	417.9224090072636	242.52349722592933
C3N-00572	264.5659925043248	191.7589256979129	171.57794263163106	56.43378288775342	127.79194920019735	190.2124587450572	191.9459479293668	114.73213863156258	268.32134996986184	112.26659474809998	136.85052486083407	448.2255905137175	-15.668654930332494	279.843290523354	74.66514760916417	129.25819651501232	134.39291140380604	286.32793269355193	233.96130845198712	207.2087618086432	367.375442467788	26.31504415161639	-8.782356249650704	228.86804200518566	417.5147653183124	915.7709294449367	-39.175130354013575	265.9504757246995	1181.2152253313016	115.97258466958053	239.405745763464	221.17297543496952	142.5542915706929	438.93640282169343	235.33044346087493
C3N-00574	262.1591241872249	205.7966850565611	164.77317885973915	70.60650091248884	126.56085434909642	196.55247139005996	184.2331362086769	136.9931606942693	256.4921520580326	122.94308371306509	142.93082859230321	442.48675126165506	-25.17774216055753	277.3598439838124	71.18956175160062	135.69311053922445	139.9635836698851	276.99872234462237	239.97683047776223	210.55511682794926	359.5334640184573	30.94774884796162	-13.900282689012144	231.75671692980222	394.8590728840793	865.0318784554244	-27.306625893967976	261.3847773785719	1122.8194414965599	102.15709369455905	250.443573463993	225.21772256675692	133.2254684090598	424.21229582375105	228.58827207001957
C3N-00578	258.18295209125534	198.0041445486549	172.96999606672506	62.573639130738044	127.67150456480653	179.3279118917526	188.92367646628318	114.94966153498602	266.5969691791042	122.46153266148643	139.84732096593783	427.3318880218842	-31.66384693869493	264.82852496072786	73.80384430681224	131.95597015698596	137.686122968307	280.87480548864835	239.90170672721104	204.05898249219422	369.837743197511	31.67932913707547	-14.409364076887783	230.55855817796558	404.7732369463505	891.6672593916519	-32.989134335045506	257.83973252941536	1155.4013576427346	117.79626890289194	262.79690407823676	221.80441871972897	135.39311309868532	436.11554942748626	235.8544206011588
C3N-00579	246.6577702098255	191.14327318079785	175.14544620372845	55.88633603697198	126.62597597752531	179.780760067982	191.4549946728152	118.76495307367148	264.6792894538483	118.58926785639323	137.1895259594827	429.22313623936094	-19.84331495732789	261.02119880564385	76.40375014573111	126.81031822587818	136.01056269623183	273.4565301398011	249.64004778883896	198.0475937189748	362.4216282709481	30.60308710391577	-8.254927389288696	227.0482425994407	395.4755685973233	861.5683160857806	-31.71071822916508	257.53018384983386	1149.482601374919	117.62109572407438	238.39329672408587	216.28660808842517	141.12936415684467	421.0840170792257	233.8449662520706
C3N-00580	254.02294070416696	189.42746001426002	174.21595961443907	51.72876733176031	131.63228541306233	184.26283815105472	177.79918624252952	102.1351403614295	265.95150760674284	126.98347046827995	139.41730124557387	398.76758675977027	-23.526735862352737	266.3183021159384	85.30916134247455	121.35113027488418	129.25986870822882	271.5985367608073	238.55882432880088	201.71698172395645	367.8183992370257	30.446633684694163	-15.734514398571122	228.6278255212686	408.40179157627364	910.0963423636357	-37.834677905999925	252.96769067650044	1151.1384044469423	121.63047983195865	231.85687620772055	206.63198133225544	151.23752111098705	428.44771272545415	233.10449069604647
C3N-00704	245.73029003266248	192.01077806825492	163.92559097668646	59.54402400454545	120.3996539741393	182.6521856776809	177.09920338118724	111.3807586840561	248.48546521173708	118.51032259061957	137.5830198662188	421.4967241533873	-27.1936852499463	266.7667591243685	74.95020843289277	124.33368526689253	134.50608940628402	271.91885254350075	237.3113003171837	198.20912243190952	351.6693371793079	23.96623633025439	-8.321536779848017	224.33642572698915	389.4249210987584	867.917097298243	-27.629426296362467	249.97446287248275	1116.7345467330085	103.62868867182951	240.78935441347645	211.60444735056328	141.36845661955235	424.3853605618954	222.83883281080108
C3N-00737	242.13415715257673	201.3136672538177	165.19583989437388	72.27516068321168	123.83540152062022	190.23879540348005	184.44656073862092	124.3279212129951	261.18342175869043	112.60782637528678	138.7857500318821	437.6957163186812	-14.845652875893677	276.8614981179504	74.29557395605781	135.86550731261067	141.6483587945544	272.651979089696	229.10781972012336	207.79513118910023	347.5417049856507	31.224429325350613	-5.519200401396731	217.82152682919255	393.76596912984576	835.7765887488274	-29.493385638378328	246.1567448790464	1114.5612872239576	108.14474233999442	236.6768382391544	213.02129052724723	122.38246789056207	410.7630742447659	229.13159701273716
C3N-00738	268.8493594403963	218.31766983881545	173.9014789661345	82.65866719829359	129.63877998379763	214.17503366929253	192.5319499105084	138.30731770762472	264.43604393826257	123.12498723412533	145.01300825895296	466.46299723264815	-25.63412600630427	279.44982440626507	66.31908076597054	145.4566667816999	149.87596825386208	282.99304493887627	252.75005873809476	216.42364321209135	373.15199278368954	32.85233706236528	-22.81119989566139	240.1622897653895	396.8541190929181	852.3609887120517	-25.40515100561238	275.4593749943505	1141.0271880672788	99.20604189754042	250.67335917822774	235.38672093846895	129.47405981209485	439.8388974789647	240.091191224934
C3N-00959	256.251990528955	202.6267850945357	167.68773309165957	72.85059385271302	115.39225843424043	207.02717319385232	172.76081438173455	138.88880061632335	254.6580013023606	110.205746626078	139.00615567655336	453.55188648122237	-43.152499231612865	275.1660556599072	63.51574359565228	130.10383240409823	140.75218231032107	269.91480476661826	228.62184478698939	199.13831800409147	362.42639522160823	15.881965466406498	-13.458053422244475	229.8234424294819	394.71575300813555	866.0735467248145	-16.226586660020317	257.5079393074875	1104.5645023988486	92.59497585189531	253.27169000499848	220.4277496930997	124.1035309832383	428.195645231906	231.2704749516996
C3N-01016	245.93720729011312	198.9197486258235	165.36728182412668	71.18760017708925	125.43219812710625	175.3839183254666	176.77756147140025	120.1029096032459	262.4717813459571	125.41015139145435	146.7770549737035	415.683854839555	-24.19066378469077	258.30237593305475	72.47021916125615	129.30971773802526	133.0443665646842	265.95754678353984	233.19230237595673	198.19528132655955	352.29479126493584	26.894394405636888	-8.536591726685785	216.98522633091974	390.50871384660564	837.7677631238711	-30.9528334931409	245.8275956142788	1103.7179967578782	98.78169982247786	243.14710498330498	212.58695658378633	127.01128047829476	412.6381260088974	237.3080764618888
C3N-01021	259.98227392720867	200.53840537646596	169.22258502659324	66.97872635435597	118.35370747029091	176.7326397261438	177.78271600543326	127.87972833442373	263.8615757369163	112.97384164383593	138.7530750429001	448.6613098554267	-28.141146407854734	263.7098007988349	67.32240468053091	134.92320994256846	139.06464846805363	266.5209229302279	236.7435592480022	192.50150752483157	360.77019547437703	22.2177228362208	-5.590485369567986	228.51855169866315	394.93995530113335	862.396275645929	-17.62278169560507	254.16199619489666	1116.8802606331478	92.82506189182877	257.69999460505113	230.52457660722544	132.78796629766427	417.62641694368085	231.0521525111123
C3N-01023	245.92901703380423	189.0533488931892	174.48306610410708	61.72136521796064	135.22867983971844	176.64321732736119	191.32840892782485	111.24144846321006	269.50089103423767	118.88303684459086	138.1147824567944	424.8319977610448	-32.78687252070871	269.114023893375	81.37277615402844	131.62350074401945	135.25591350586487	272.78565103463194	241.13708469434914	201.56711959926926	364.32478823512145	36.726774079536426	-0.11818980066266249	222.99321499574447	405.30290462308994	885.73645402594	-41.786410541960635	250.11245644872088	1165.2354783314831	118.08879437584903	275.1058288159358	213.3568461796629	132.1406002400538	419.75934603990925	240.67888662779896
C3N-01024	252.6102464581303	190.75671635468314	173.5556055283148	57.50946756087572	129.93527845389877	179.2443081252426	190.1607200518402	115.27267847481056	266.140707617228	123.8555757195541	134.53357092287587	418.65460499016586	-16.6512470038478	256.3075570163011	82.80996875885714	127.92065693470646	132.74203104484545	274.5747668322957	235.06229157741592	197.8640775426101	361.01975619598176	29.587419363835465	-11.482975667159906	229.10917983571008	409.01236846230245	909.2567251968036	-41.68159647157765	256.89180239099403	1172.1465073665017	115.80085209172177	219.19460093613876	211.74431911555462	145.42048735377512	427.6748371367088	231.83709560647003
C3N-01030	266.92174558878474	201.16227182904865	173.35713905234527	61.66651972924495	134.44609475263627	176.92840344439168	188.91864841933744	120.21344206042778	265.28556398851964	125.83722344376613	139.23492596669317	416.9765800035865	-29.911019495777694	259.79738677028854	81.65674758388052	135.4433363912704	138.35484423579743	277.63504981675516	254.51658050354004	197.80521187812582	367.26194530262535	34.351927997899736	-14.182214859130156	229.1632349476323	401.11758863678074	879.5241770399626	-36.51729825494891	259.12985436978784	1161.3337551667619	113.14072805587507	267.83769076891554	220.07574439444807	147.62967718204231	428.7247483105158	235.47305839502178
C3N-01071	263.15336863032917	197.98601231583535	172.81954853725426	69.5923785974505	136.42710270271988	190.17037808834024	190.35000941272943	114.06100581761318	266.95384535282676	124.36137512568654	133.51643801197184	436.4569690359509	-27.807977333150035	262.78325368269054	78.35217183056515	129.7590642336458	136.8513101845582	278.38382325555773	242.77264200535302	203.4797343062715	368.3544888316206	32.54263359245435	-6.332065120295681	232.6626353851452	409.8722964123375	897.4617526631871	-38.51144089486901	260.30627060876316	1178.0655165294986	125.84088738069272	254.66510127807553	212.8140523660783	136.24076585458326	421.4910707284729	230.6588701997451
C3N-01072	243.07461408156178	199.32309028238797	169.40338351729326	59.69045425065798	123.31660221963753	188.9575024742398	176.8574895009046	114.32217704549542	265.92426601599493	123.11604072098652	137.18967582882038	426.7307396612559	-27.471978355677024	268.37233123376234	72.97890540984233	132.3718967442193	133.0059799981346	265.0794798251617	227.9002566357126	199.6675988869188	362.6030032772771	32.362001429124035	-6.888321560675109	222.20641412670335	398.19225003853444	847.8202456763182	-24.47967975299514	243.1216214863515	1122.6182480596783	106.41776407743626	242.77222088549175	210.4880871228733	136.78237222928982	415.60603957903214	240.5628293102024
C3N-01405	250.5302272497538	194.38409407396782	166.70511092212666	62.602149364015574	126.67912634434785	186.54056360412537	185.6626418578933	114.01986995207594	264.4695954694321	124.63400142746508	137.55933451945947	408.5418815521829	-22.204336836732466	269.30015512602665	80.17301923860263	123.70412964433562	135.8757914383008	278.0591894900763	234.1397653346281	203.6073169421851	355.0218291415472	38.0037243917382	-12.665322014876423	224.9429703025576	399.9325740720871	871.7532903166936	-35.44513514574956	253.96705929494703	1144.5029427067725	120.40944826697809	242.88779764475584	208.4613110001427	143.60480546241598	419.1547462297911	234.06877841576974
C3N-01410	252.5532159116867	194.08726952557674	167.73832482870316	64.53489597813524	130.97059417547703	191.81868564426202	185.46699365952455	109.71488526416925	266.0563363330326	120.95684503783357	140.89690341000932	433.7914899786228	-29.94213309779815	274.5685429143901	77.95583131242569	132.28084088349644	134.18071498790962	274.3134596348676	238.427957447273	210.9090918471638	360.78442627719176	26.757775268178193	-5.945568031012186	226.59739637391294	406.04821327607317	876.8946709244242	-35.405508201099465	258.3843477809066	1138.3343942165304	111.66688543623678	271.6514157529342	216.19932341294304	135.68030403644676	426.4505218287987	235.18479543412823
C3N-01413	254.76867111614766	202.27149214961975	165.98833954691258	69.19270796299372	123.74592292771524	189.75068322554554	187.76891440254485	124.14500778685881	265.31906979737954	113.82976391807489	133.49061190246118	445.2285951237223	-30.332160016279232	279.41264428217016	71.61207390643175	128.4240822999095	138.09205532854907	273.9665141509625	235.41366075161724	201.81797838336075	357.39153493742793	28.904706961971712	-7.066425670893153	225.7591848820832	394.5947113831736	857.4789418743248	-28.757767895212524	255.9220890297157	1138.7733076781035	112.90368931235008	267.68659168440126	218.15228790331324	132.88776523529933	413.85963575983294	240.19158012529633
C3N-01414	266.8084139908695	202.33581329966074	172.73957143701654	62.22160790598005	125.73093049758826	196.00136936508727	183.63995932935364	116.72981844732153	269.6064611637549	120.37768479266384	145.12234470438096	442.5171394393527	-23.95786177073397	274.86902171470234	71.50935373306966	135.50229204184973	139.86528693528513	274.708067741423	243.3677786024108	209.7213405724952	364.4946424937965	20.39362278607706	-14.68678243989315	234.9007558309665	407.06998211280165	870.7561746623089	-32.33261316938032	268.8575375361324	1122.8949486758859	100.12874040088793	256.49389413091524	218.99259010233408	130.35344992577188	430.0620823669111	242.1259874973011
C3N-01415	244.19787598152095	200.14529081277541	173.28498413125126	74.05559255316811	131.97256766705354	181.81314069294888	186.823691549612	112.62629963968664	263.6495071929649	118.84644002642985	138.7328605309669	427.3720412395562	-19.61162823942837	271.6670628117396	76.67925978926066	129.4003819877768	136.73373040309687	279.6167473061218	242.90437401661396	207.23378777175523	362.1007039131683	32.36972436126979	-9.132005419429277	228.75576797088297	406.12844846271315	891.4314805322308	-33.23967056566735	251.88342246952237	1172.6523440835765	113.56994427262731	245.61001694274867	214.28131676741307	145.71973669588198	423.21606651553446	232.89989684936808
C3N-01416	254.309429053462	200.18347370875873	169.31397707433152	62.88494394706899	133.16555870932763	187.58587049172758	197.4910052993947	122.40675022681424	264.6884167219087	120.27564796425084	137.57664718784056	436.92037498756827	-22.20911764677183	274.2157800084294	73.25235855352216	133.22578331993202	140.82442600492317	276.7762351960281	245.5725170490714	208.38356010690788	360.6356442486588	34.58420216693955	-14.081577467957288	227.4773345888457	398.6968403939119	866.3608644163431	-36.252070573811224	257.69148278425985	1175.2684675950538	113.66917695546765	240.58599295164547	218.66158766667854	143.52788434799785	423.2721415464269	235.07238981504662
C3N-01488	259.6519789935592	199.6909282065444	172.60865861039355	63.854522012670884	131.81469305483427	182.671753388805	192.14551261717145	117.44028401209873	268.8290192595491	124.33004609726038	136.02968503076042	421.3877785158992	-36.78018990464905	271.3831663861882	75.1654898987421	137.8938408965605	138.859396826861	271.47702507403676	250.00614621154114	207.7948055814956	366.52623813051434	33.53082285232753	-12.22947359846387	229.07260628944508	402.36353611073076	853.6147133728665	-33.28287648516296	250.69911781589346	1170.7558450370545	115.44086959622142	278.7497273224664	217.0626772879994	139.06036047487896	421.2300079332545	240.7199389235412
C3N-01489	253.63672032200304	201.67883663612568	173.77183293265057	64.57552977365495	139.5133036213902	194.21357645614998	198.78118572778038	119.07146102401046	270.70487176297706	126.13123959556957	142.4348092715361	433.3139912162879	-22.793176416466252	275.8925923737896	79.50709585555367	133.08913099572098	140.07249825625217	279.1141350095894	249.97301535718657	210.40227541567526	373.55810360024134	37.83424070586638	-14.574338333960654	231.76354474834034	401.9795435151596	874.2699543170766	-32.0134175258644	259.36084415783097	1189.8423689676022	124.06546791006735	250.88898691175288	218.66984885449003	146.22413250103398	430.3006057724051	242.23428389459545
C3N-01799	238.09846704371935	194.09668333770065	165.3151077088326	62.121666847498275	124.86402708275577	180.39164774978346	189.36677070475	110.93565776942246	263.30388459448153	124.79312435685537	136.04212862342797	418.8365170848061	-31.251246743376953	272.8617879147343	71.52615081785893	120.69592549086519	132.89196523199968	264.19181749854266	229.00304466205773	198.36831984200072	349.1621095729681	36.776267187562866	-8.084568770471378	215.83275874784698	388.7788911209642	834.3550595061035	-29.79055966692914	243.8149391358918	1128.3919886356816	112.46468374935779	253.2343234056769	206.7447892424834	137.4643662759629	408.11924335396	241.65391415174963
C3N-01823	258.66939844702836	194.40815915624603	166.387603164091	62.88025261445695	124.95355220390812	178.1268264127746	179.47891530031671	116.11011270810513	261.9609288852009	120.31691197685143	138.13289882246403	428.67221927260016	-29.268484436734568	267.0279723150907	69.55624134341913	126.05843014834868	133.80513289299702	272.91136399538374	237.32903787880034	197.96270252247507	352.46149065931877	27.81760316090117	-6.324731133309754	225.34419591713478	389.8325684473379	849.8205011734626	-29.7933931441501	255.5971159812744	1114.6587399379302	105.76748241041251	259.8036285617294	214.21764104802074	128.17303311953816	417.1007629290069	240.06930624672117
C3N-02000	244.38910809112738	191.37014965642967	165.18677554878263	63.44914927043985	120.03843914202189	179.91686051541367	181.8915799365809	115.52407862737157	257.67174327014675	120.03913098784199	135.29567478823412	419.40899549160525	-26.945016211655343	264.91469880260365	67.2101933853169	119.94624367362974	130.93291620174324	269.8541217397907	230.3406381876077	195.9406023552885	352.24585314150426	30.051987714695926	-5.6016963682740055	222.2087203830817	393.0615495169832	861.9779611070863	-22.5705221693253	249.1760513968859	1113.5392693250847	105.76136008940688	250.4080143845432	214.03403977416667	132.77761938247681	405.9918539911174	230.5120431293065
C3N-02002	245.725966906134	185.2509587894654	163.2829578845716	54.0175779422392	114.41020249777739	174.00261608787196	181.1405401474048	105.15394805260807	265.6711246082972	114.82396845472118	130.04135985328548	416.44021153342305	-35.186286722858696	270.4016543139832	69.20109905458058	116.10856901541557	125.10333024277367	269.914899210643	227.81535370784013	192.2074278640889	357.75372091453175	26.8885977099399	-6.59533342339644	223.62752741014273	401.05235650526026	874.3826025861515	-26.815976888579826	251.61715970519595	1119.2748168037858	110.44883721748076	265.6354095399715	200.432551524457	132.21042378672513	409.43863610385426	231.73341093170683
C3N-02003	252.4386655976689	197.94859748166655	174.50429749634128	57.94166215222552	142.18511622262588	193.75737239923754	197.3335108271689	112.91257716061082	267.68381208389206	120.66181177785946	136.18646964199831	424.68062691639244	-13.165650303023696	271.7111101099704	84.10059478329686	134.07714698988173	138.57044185998467	282.8182786286908	254.6489301800387	212.2732642379719	374.20822618324354	42.3209413781384	-11.214821028554923	224.34033876873715	406.5925957311144	892.7286052286357	-40.99072018746749	256.1562301353119	1215.143018712262	129.25421259976773	237.11180201258452	215.25045957675803	150.18168934196348	432.9575692568912	232.13768027217134
C3N-02067	248.65536216014297	191.56661637255235	168.7303857441911	66.39189208908026	126.05172636442802	186.55333274641302	185.3870108890403	108.18972464708106	261.6460039398536	116.91455075848476	131.4171950693567	436.67132703603875	-33.30155139111743	273.56432856782345	72.84909733988195	123.31704890373499	130.11783419217141	278.8178556184382	229.1697453436396	196.7122786995077	359.45274541282873	27.130834935814647	-6.284589242096473	228.60652596404927	406.1945997342382	892.2196962106506	-31.688700440067052	250.2832008748501	1141.1128181246324	110.79515002567088	279.3401556629514	212.34408215793195	139.91930330004715	419.93839390318516	231.0851395457962
C3N-02087	249.62836505440447	199.11580111117286	175.66014920137405	70.73939508273462	139.7640276638646	186.38629203467895	201.08887707045264	113.89149955397575	265.21157615265184	126.31851849401059	138.47334717295846	414.5882849671274	-18.911350197142482	263.3817814672405	83.5789254601197	139.69946542681095	139.23960225030436	283.0722068000463	262.7353314827383	203.65170289643805	369.3432068862431	41.355881820930236	-12.16153583098989	224.87723091548375	402.9278955633151	875.5914212827709	-34.003315691247906	254.56495174453056	1205.2010791226126	124.75526095159503	239.99843322285605	216.43255277395744	149.50922609756725	426.5188734443667	234.4135741238255
C3N-02089	254.30505320121114	191.85822626902095	174.60501396445704	54.16804644502815	134.7892277687261	175.84284506025358	178.75447782353416	120.11188001053799	262.8561768872776	123.77466625035933	141.6190579140693	403.7201208698397	-13.400085426289877	256.8800820549534	85.52854470049235	118.82610143044563	128.96384829785438	268.02882055424516	246.59703452376004	201.25209293392092	360.85071649140804	25.86858271144399	-7.784687278661494	218.58259721759424	400.47112858626394	868.3135598383992	-32.964855594972164	249.31745971266815	1136.073208464653	101.39253687407216	207.8876996494941	208.99493446200165	130.72746427241208	422.3462119231165	226.017147249642
C3N-02145	250.99761259681304	200.03489445596944	167.2967471330029	69.51379625452188	121.676197613414	176.35120378504018	184.45856882354434	120.45524286651583	263.80786112296596	118.64351854130322	145.1697685131934	431.11032731654996	-31.261877450896762	265.86902255688653	68.4724822447341	127.76108142134424	132.26848885035423	272.63613458959657	229.24264371996213	198.49066792802688	359.3940898882159	25.67026474258907	-10.15964897782203	225.8176178795951	395.6309514414296	858.9712169318044	-19.030813158375565	248.72737210304467	1136.6730801272854	107.05806028410814	243.97204136204954	215.84523022529908	132.16288485146532	408.7453237403513	238.74484736380978
C3N-02149	258.7411241908608	196.25177804972196	175.0893844296866	68.02801800205144	129.01323568518183	176.3697969834836	183.9481810020743	112.50632638884187	267.3083289054534	123.53377959173694	139.1227306481108	436.73441728309166	-24.045997821307196	260.13728789242333	80.3242299742269	131.451255288377	135.99549765454145	270.4738192061241	250.08548372586807	203.63391374306377	366.46303139194924	25.714597280785384	-7.892211812823959	229.99075062917544	410.654022057623	885.9991326160485	-28.073180824074797	253.5422219218061	1146.4916976764575	107.06824038428417	251.8342784051732	219.36324087839853	135.13366673673772	426.7599109064424	235.69303243658698
C3N-02155	248.04414725973464	194.30922230781417	170.98058820342328	59.59897709316455	119.0590626700662	173.91640484607817	175.23698013898988	113.83789606490939	267.53503293999705	123.65076800718228	140.6385050161338	418.48397255593244	-42.49731301844983	268.0035206277996	78.33458895876723	127.87788515529809	130.87478450827305	263.47694816750237	232.57812483761182	198.39017269955494	360.1750910108184	25.363630919124333	-8.450241160155983	218.48826268657336	396.3291770204296	850.3545970939365	-30.030492465111905	247.64506819190885	1096.5015235302956	112.14194365526122	277.6799513872532	212.37098442119876	131.30660219496235	419.04255743021247	236.92999659821407
C3N-02158	249.06527391195462	187.11128230313727	169.07817424022733	51.813490627685724	126.14862843652057	181.36156447381964	191.87771332045958	109.29309620355812	265.0508195807819	119.65317298692686	145.03757111031513	432.33571534835335	-15.814127077741276	267.9481842928879	75.94066046625325	123.02913380446424	132.12753596792672	278.84987600999574	230.1863744439594	207.3609183063518	353.55283629883587	27.57051366612643	-7.012264246231254	219.66266241484385	404.40717978016016	879.3806191044002	-38.93927008773859	244.9358215515121	1158.5106775409922	118.0402878325765	229.18374778855122	206.47953565365341	133.69264213415914	423.3946230214706	233.52058135476443
C3N-02380	251.59983978527939	190.68786911495107	167.6308299244666	64.18495169224238	114.146274787767	178.4181480532018	179.46238893009834	108.48589605542627	267.2156170740481	115.43910873536325	128.4408307474401	431.7624337485386	-40.22761490218515	271.48909703518194	68.11127599432419	115.39264400030281	124.25744516605002	266.17812321648853	220.85159997611868	190.2697627601333	362.0096501875127	21.791017161085847	-5.76208792436482	225.4126255819606	400.94582730165126	868.425974358376	-24.21357281936166	255.44153893030898	1134.129059490661	109.46547365465307	261.1570365751169	208.50823986742878	133.39726486219612	406.7779377244143	243.39258957185518
C3N-02421	260.4868075463772	199.19730288369828	170.40633007731844	63.31901291832639	125.88459757656051	172.63882560520432	184.49726440512956	107.20566398292259	266.94529357244437	129.1795814759661	131.24490615117702	426.03880678873054	-49.94952745274692	263.15883074551107	74.24025711112236	124.26857126732384	132.48412470078142	266.690143277103	241.62986212725372	194.82221269989458	366.52506262202826	31.401495990363983	-9.764049338286796	232.08576931895757	401.5706770228941	863.0725718258818	-28.28657936687779	261.78466851961304	1155.8700555310847	113.07763485654367	288.4536017667051	212.61969997219956	145.0822299917706	417.23992472522815	241.21733210430395
C3N-02423	247.95063242351952	202.7964075630813	172.64627505955505	72.1320532304859	131.22437703731322	186.45219412767094	196.57052656281303	118.74563571325795	267.3729115881361	123.15453675668547	137.47792501347888	412.70833222903565	-30.286105702659015	265.93579198384555	75.49635705826412	135.46188628859406	140.60931961296694	271.3627937211911	250.5631733951048	202.77313010376858	371.4017093407364	39.51083741362012	-15.78474707003997	227.69728366872567	395.8692123338196	849.4720912578047	-30.671017504401163	254.22667097035827	1153.260572443567	119.82067913638667	262.01831338966537	215.36673399404862	142.34399670113675	421.715011793891	240.11103798474156
C3N-02424	250.20417069111588	199.7758306879283	181.07260715844356	70.69517770146543	146.17629383113263	181.03742196467124	194.85986341830534	106.96674775373204	274.24217756945546	130.37823259298753	133.6172014105353	414.9452884073384	-21.685696822021598	256.69284701235495	89.32159239243796	138.83839541902628	141.36516196140093	273.5031842646817	260.21683131249966	201.18771499746185	381.83919682760626	44.76236281569308	-5.996711457429811	230.17740860974916	411.501967888347	876.0546506139724	-36.9028518771689	251.45616055050982	1199.530391156317	126.53154911754147	242.50372270068192	219.3674990241649	146.84278606147902	425.63627502146244	244.24768111709244
C3N-02433	252.54995949412614	198.07721573501354	171.6339172620302	64.37237725676859	124.01384196142834	186.2221957625055	189.0064834495157	113.5200107459966	265.19562723471284	117.07399949769528	136.46490482318472	434.9560966990548	-22.42523115060969	281.72048549540654	70.24189925068735	125.5062598534328	134.77253000998684	271.8101654114564	228.42105886969273	202.7426169524142	359.14453563996045	33.326578469231094	-4.764075249836935	226.57350951308075	401.19187912438815	875.6180001789147	-32.98973637621938	254.5442710664387	1155.2008018683455	109.82989150992057	235.14577157637177	210.04520106624952	139.94378575931518	419.76235828268005	236.80098852033285
C3N-02529	246.79894740066624	196.06201573630028	175.63014284597165	66.94477620156933	133.9427912179795	180.64904629431038	192.197974739598	114.51236499221609	261.8225225583082	123.35243916175526	135.4015984332778	418.5536359477617	-17.144871126411246	265.8882200395962	78.08869509284845	127.54917450253782	139.00756485616066	273.61955717941987	241.8665573249526	202.08375821102268	359.2208542520968	39.96256963428259	-6.921897723684793	227.77630223956743	402.0498363862955	875.2566150112772	-35.417851282686726	251.18746782731068	1154.296958318196	117.63470286986896	241.37436423374152	209.1122120196405	148.1730242841886	414.3051948280492	231.25356737616812
C3N-02572	245.86284971580736	191.82301398495704	166.4113116726407	62.75327682516718	118.11064380607625	174.85366828784592	182.2224026407868	116.02437675838773	260.0952574424483	116.25333247065993	132.20561746860648	415.1535180173173	-34.08952279822505	265.409466588341	66.13277284782804	123.71151491844412	131.22686625403102	267.7026561182603	231.27981652305053	190.3353698441689	355.136075431524	29.871226306236352	-1.9590731272333954	223.5239230748489	391.365098988221	852.3642531675497	-25.82249397907688	244.9965937151153	1116.0244888782686	114.9250499838635	273.9071845266068	209.00693522952935	138.23070246911604	409.42541194989894	233.7728675486315
C3N-02582	253.20359537045448	191.0689526062372	172.2255163200408	64.19467106525768	121.86691207810364	169.75705589663147	184.09151529073273	107.4015857089282	267.45718528190395	120.80693742501919	135.23187259584833	427.0110445775399	-17.708526792359194	265.9766469753978	72.82848929330052	122.54886653989166	128.5661422792876	272.3914237685182	232.05528244153044	196.01924207463048	366.37441313344846	29.98737509634948	-8.466445378526288	227.2670581938973	401.3726369247496	886.8103674949743	-30.467720179226433	251.4183482474647	1146.9878345778866	117.17747351115256	227.84566858167113	212.49526492984836	137.10771510481337	414.071483830955	234.494812314281
C3N-02586	249.4658599122608	191.8003676479833	172.85108802694626	57.35878483122542	117.22042887637133	171.97515807467192	179.36602288467975	108.45889066678149	267.06431533007446	116.42117239535999	131.97328909803264	422.8729282958878	-33.98392748780685	261.1652722537953	71.81186056908324	124.67991519079683	129.4312641633623	265.58868671337905	232.39536302963634	187.80776030417434	368.2212190602582	23.94503941477349	4.893425866862188	223.97274350286844	405.6147165429211	876.1319660398492	-20.472764712926377	250.18318899397838	1130.842355992851	105.64268912814266	265.3439106118935	215.80835348176734	129.90905207041197	415.17072150944875	239.56854207414784
C3N-02588	255.88967476328617	201.60079503122208	174.7498979800449	65.41198682190387	123.49239227799569	180.88619984299214	180.24759879761245	113.03549920551275	270.9258111468385	119.97956751322269	134.03151900538364	435.0775257393052	-30.66708399781389	269.6403356712094	74.72452594364506	129.04557958744397	134.82632447663633	264.6177369394121	240.55531479037302	202.4079866034179	371.6039224028455	28.484227078808487	-5.338676917548227	232.89472138082328	406.73744322578375	875.9534192748172	-23.726388065775254	254.20893362053306	1142.5850568022656	111.20509639382821	254.0746725972418	217.46537388597386	136.12928535450513	426.06321527636567	236.6928998502192
C3N-02729	246.72505441999036	189.97144028421337	164.53659375316892	64.53413177007322	112.85335400938703	169.35911422108006	174.71083418160362	107.48866724814224	263.91142785918527	118.4499701961039	135.82539004752908	420.0163885861619	-31.24954343273434	264.6585422214664	69.7887265487269	122.33282286804845	127.97779700291886	260.50627558046205	217.19245926346088	186.56360077657985	353.504643218131	23.765791429658748	3.6320125354561554	221.93555232298962	402.2549567592211	875.9966603034575	-20.976111943299912	250.7460683091144	1119.9419862027896	99.68823256068687	247.31413252300376	207.2303375582394	138.16128432187125	407.76244946345736	236.0779732722301
